what,kind,bundleId,bundleVersion,description,time
executed,command,org.eclipse.ltk.ui.refactoring,3.5.0.v20100526-0800,"org.eclipse.ltk.ui.refactoring.commands.renameResource",1287573259965
executed,command,org.eclipse.ui,3.6.1.M20100826-1330,"org.eclipse.ui.edit.rename",1287573259965
started,bundle,org.eclipse.gef,3.6.1.v20100712-1224,"org.eclipse.gef",1287573261291
started,bundle,org.eclipse.emf.edit,2.6.0.v20100914-1218,"org.eclipse.emf.edit",1287573261307
started,bundle,org.eclipse.graphiti,0.7.0.v20101001-1238,"org.eclipse.graphiti",1287573261307
started,bundle,org.eclipse.graphiti.ui,0.7.0.v20101005-1338,"org.eclipse.graphiti.ui",1287573261307
started,bundle,org.eclipse.graphiti.examples.common,0.7.0.v20101001-1402,"org.eclipse.graphiti.examples.common",1287573261307
executed,command,org.eclipse.ui,3.6.1.M20100826-1330,"org.eclipse.ui.navigate.collapseAll",1287573265924
deactivated,workbench,org.eclipse.ui.workbench,3.6.1.M20100826-1330,"",1287573271135
activated,workbench,org.eclipse.ui.workbench,3.6.1.M20100826-1330,"",1287574021324
started,bundle,org.eclipse.emf.common.ui,2.6.0.v20100914-1218,"org.eclipse.emf.common.ui",1287574031948
started,bundle,org.eclipse.emf.ecore.editor,2.6.0.v20100914-1218,"org.eclipse.emf.ecore.editor",1287574031948
started,bundle,org.eclipse.emf.edit.ui,2.6.0.v20100914-1218,"org.eclipse.emf.edit.ui",1287574031963
started,bundle,org.eclipse.emf.ecore.edit,2.6.0.v20100914-1218,"org.eclipse.emf.ecore.edit",1287574032010
started,bundle,org.eclipse.emf.ecore.xmi,2.5.0.v20100521-1846,"org.eclipse.emf.ecore.xmi",1287574032088
started,bundle,org.eclipse.graphiti.examples.libary.mm,1.0.0,"org.eclipse.graphiti.examples.libary.mm",1287574032447
opened,editor,org.eclipse.emf.ecore.editor,2.6.0.v20100914-1218,"org.eclipse.emf.ecore.presentation.EcoreEditorID",1287574032634
activated,editor,org.eclipse.emf.ecore.editor,2.6.0.v20100914-1218,"org.eclipse.emf.ecore.presentation.EcoreEditorID",1287574032681
activated,view,org.eclipse.ui.navigator.resources,3.4.201.M20100707-0800,"org.eclipse.ui.navigator.ProjectExplorer",1287574060512
deactivated,workbench,org.eclipse.ui.workbench,3.6.1.M20100826-1330,"",1287574065410
started,bundle,org.eclipse.graphiti.mm,0.7.0.v20100906-1057,"org.eclipse.graphiti.mm",1287574082008
started,bundle,org.eclipse.emf.transaction,1.4.0.v20100331-1738,"org.eclipse.emf.transaction",1287574082071
started,bundle,org.eclipse.emf.workspace,1.4.0.v20100224-1706,"org.eclipse.emf.workspace",1287574082071
started,bundle,org.eclipse.emf.ecore.change,2.5.1.v20100907-1643,"org.eclipse.emf.ecore.change",1287574082367
started,bundle,org.eclipse.emf.validation,1.4.0.v20100428-2315,"org.eclipse.emf.validation",1287574082430
started,bundle,org.eclipse.emf.validation.ui,1.3.0.v200901271722,"org.eclipse.emf.validation.ui",1287574082523
started,bundle,org.eclipse.graphiti.examples.library,1.0.0.qualifier,"org.eclipse.graphiti.examples.library",1287574082648
started,bundle,org.eclipse.draw2d,3.6.1.v20100913-2020,"org.eclipse.draw2d",1287574082695
opened,editor,org.eclipse.graphiti.ui,0.7.0.v20101005-1338,"org.eclipse.graphiti.ui.editor.DiagramEditor",1287574083038
activated,editor,org.eclipse.graphiti.ui,0.7.0.v20101005-1338,"org.eclipse.graphiti.ui.editor.DiagramEditor",1287574083100
error,log,,,"Contributor libraryDiagramType.PropertyContributor cannot be created.",1287574083116
activated,workbench,org.eclipse.ui.workbench,3.6.1.M20100826-1330,"",1287574083351
activated,view,org.eclipse.ui.navigator.resources,3.4.201.M20100707-0800,"org.eclipse.ui.navigator.ProjectExplorer",1287574090340
started,bundle,org.eclipse.emf.eef.runtime,0.8.1.v201009101041,"org.eclipse.emf.eef.runtime",1287574095862
activated,editor,org.eclipse.graphiti.ui,0.7.0.v20101005-1338,"org.eclipse.graphiti.ui.editor.DiagramEditor",1287574096907
deactivated,workbench,org.eclipse.ui.workbench,3.6.1.M20100826-1330,"",1287574102523
activated,workbench,org.eclipse.ui.workbench,3.6.1.M20100826-1330,"",1287574102679
executed,command,org.eclipse.ui,3.6.1.M20100826-1330,"org.eclipse.ui.file.save",1287574102695
deactivated,workbench,org.eclipse.ui.workbench,3.6.1.M20100826-1330,"",1287574112320
activated,workbench,org.eclipse.ui.workbench,3.6.1.M20100826-1330,"",1287574601365
deactivated,workbench,org.eclipse.ui.workbench,3.6.1.M20100826-1330,"",1287574615374
activated,workbench,org.eclipse.ui.workbench,3.6.1.M20100826-1330,"",1287574644765
deactivated,workbench,org.eclipse.ui.workbench,3.6.1.M20100826-1330,"",1287574670739
activated,workbench,org.eclipse.ui.workbench,3.6.1.M20100826-1330,"",1287574791343
activated,editor,org.eclipse.emf.ecore.editor,2.6.0.v20100914-1218,"org.eclipse.emf.ecore.presentation.EcoreEditorID",1287574845537
activated,editor,org.eclipse.graphiti.ui,0.7.0.v20101005-1338,"org.eclipse.graphiti.ui.editor.DiagramEditor",1287574848720
deactivated,workbench,org.eclipse.ui.workbench,3.6.1.M20100826-1330,"",1287574854616
activated,workbench,org.eclipse.ui.workbench,3.6.1.M20100826-1330,"",1287574856145
deactivated,workbench,org.eclipse.ui.workbench,3.6.1.M20100826-1330,"",1287574859250
activated,workbench,org.eclipse.ui.workbench,3.6.1.M20100826-1330,"",1287574859390
executed,command,org.eclipse.ui,3.6.1.M20100826-1330,"org.eclipse.ui.file.save",1287574859390
activated,editor,org.eclipse.emf.ecore.editor,2.6.0.v20100914-1218,"org.eclipse.emf.ecore.presentation.EcoreEditorID",1287574861324
activated,editor,org.eclipse.graphiti.ui,0.7.0.v20101005-1338,"org.eclipse.graphiti.ui.editor.DiagramEditor",1287574905847
closed,editor,org.eclipse.emf.ecore.editor,2.6.0.v20100914-1218,"org.eclipse.emf.ecore.presentation.EcoreEditorID",1287574905878
activated,view,org.eclipse.ui.navigator.resources,3.4.201.M20100707-0800,"org.eclipse.ui.navigator.ProjectExplorer",1287574907376
closed,editor,org.eclipse.graphiti.ui,0.7.0.v20101005-1338,"org.eclipse.graphiti.ui.editor.DiagramEditor",1287574907407
deactivated,workbench,org.eclipse.ui.workbench,3.6.1.M20100826-1330,"",1287574913070
activated,workbench,org.eclipse.ui.workbench,3.6.1.M20100826-1330,"",1287574914396
executed,command,org.eclipse.ltk.ui.refactoring,3.5.0.v20100526-0800,"org.eclipse.ltk.ui.refactoring.commands.deleteResources",1287574914411
executed,command,org.eclipse.ui,3.6.1.M20100826-1330,"org.eclipse.ui.edit.delete",1287574914411
deactivated,workbench,org.eclipse.ui.workbench,3.6.1.M20100826-1330,"",1287574918062
activated,workbench,org.eclipse.ui.workbench,3.6.1.M20100826-1330,"",1287574924972
deactivated,workbench,org.eclipse.ui.workbench,3.6.1.M20100826-1330,"",1287574927874
activated,workbench,org.eclipse.ui.workbench,3.6.1.M20100826-1330,"",1287574929262
executed,command,org.eclipse.ui,3.6.1.M20100826-1330,"org.eclipse.ui.edit.paste",1287574929356
deactivated,workbench,org.eclipse.ui.workbench,3.6.1.M20100826-1330,"",1287574935643
activated,workbench,org.eclipse.ui.workbench,3.6.1.M20100826-1330,"",1287577598199
closed,workbench,org.eclipse.ui.workbench,3.6.1.M20100826-1330,"",1287577599900
stopped,bundle,org.eclipse.mylyn.ide.ant,3.4.0.v20100608-0100-e3x,"org.eclipse.mylyn.ide.ant",1287577600227
stopped,bundle,org.eclipse.mylyn.pde.ui,3.4.0.v20100608-0100-e3x,"org.eclipse.mylyn.pde.ui",1287577600227
stopped,bundle,org.eclipse.pde.api.tools.ui,1.0.201.v20100820_r361,"org.eclipse.pde.api.tools.ui",1287577600227
stopped,bundle,org.eclipse.pde.ds.ui,1.0.100.v20100601,"org.eclipse.pde.ds.ui",1287577600227
stopped,bundle,org.eclipse.pde.runtime,3.4.200.v20100601,"org.eclipse.pde.runtime",1287577600227
stopped,bundle,org.eclipse.pde.ua.ui,1.0.100.v20100504,"org.eclipse.pde.ua.ui",1287577600227
stopped,bundle,org.eclipse.pde.ui.templates,3.4.200.v20100601,"org.eclipse.pde.ui.templates",1287577600227
stopped,bundle,org.eclipse.pde.ui,3.6.1.v20100810_r361,"org.eclipse.pde.ui",1287577600243
stopped,bundle,org.eclipse.ant.ui,3.5.0.v20100427,"org.eclipse.ant.ui",1287577600243
stopped,bundle,org.eclipse.ant.launching,1.0.0.v20100427,"org.eclipse.ant.launching",1287577600243
stopped,bundle,org.eclipse.acceleo.compatibility.ui,3.0.1.v201009150438,"org.eclipse.acceleo.compatibility.ui",1287577600243
stopped,bundle,org.eclipse.emf.eef.codegen,0.8.1.v201009101041,"org.eclipse.emf.eef.codegen",1287577600243
stopped,bundle,org.eclipse.acceleo.ide.ui,3.0.1.v201009150438,"org.eclipse.acceleo.ide.ui",1287577600243
stopped,bundle,org.eclipse.compare.win32,1.0.100.I20100505-1245,"org.eclipse.compare.win32",1287577600243
stopped,bundle,org.eclipse.emf.compare.ui,1.1.1.v201009150438,"org.eclipse.emf.compare.ui",1287577600243
stopped,bundle,org.eclipse.equinox.p2.ui.sdk,1.0.100.v20100513,"org.eclipse.equinox.p2.ui.sdk",1287577600243
stopped,bundle,org.eclipse.mylyn.java.tasks,3.4.0.v20100608-0100-e3x,"org.eclipse.mylyn.java.tasks",1287577600243
stopped,bundle,org.eclipse.mylyn.java.ui,3.4.0.v20100608-0100-e3x,"org.eclipse.mylyn.java.ui",1287577600243
stopped,bundle,org.eclipse.jdt.junit,3.6.1.r361_v20100825-0800,"org.eclipse.jdt.junit",1287577600243
stopped,bundle,org.eclipse.emf.mint.ui,0.9.0.v201006142335,"org.eclipse.emf.mint.ui",1287577600258
stopped,bundle,org.eclipse.jdt.apt.ui,3.3.300.v20100513-0845,"org.eclipse.jdt.apt.ui",1287577600258
stopped,bundle,org.eclipse.jdt.debug.ui,3.5.0.v20100602-0830,"org.eclipse.jdt.debug.ui",1287577600258
stopped,bundle,org.eclipse.jdt.ui,3.6.1.r361_v20100825-0800,"org.eclipse.jdt.ui",1287577600336
stopped,bundle,org.eclipse.search,3.6.0.v20100520-0800,"org.eclipse.search",1287577600336
stopped,bundle,org.eclipse.emf.cdo.ui.ide,3.0.0.v20100618-1451,"org.eclipse.emf.cdo.ui.ide",1287577600336
stopped,bundle,org.eclipse.emf.ecoretools,0.10.0.v20100615-1639,"org.eclipse.emf.ecoretools",1287577600336
stopped,bundle,org.eclipse.emf.ecoretools.diagram,0.10.0.v20100521-2009,"org.eclipse.emf.ecoretools.diagram",1287577600336
stopped,bundle,org.eclipse.mylyn.team.ui,3.4.2.v20100909-0100-e3x,"org.eclipse.mylyn.team.ui",1287577600336
stopped,bundle,org.eclipse.ui.navigator.resources,3.4.201.M20100707-0800,"org.eclipse.ui.navigator.resources",1287577600336
stopped,bundle,org.eclipse.ltk.ui.refactoring,3.5.0.v20100526-0800,"org.eclipse.ltk.ui.refactoring",1287577600368
stopped,bundle,org.eclipse.mylyn.bugzilla.ui,3.4.2.v20100909-0100-e3x,"org.eclipse.mylyn.bugzilla.ui",1287577600368
stopped,bundle,org.eclipse.mylyn.ide.ui,3.4.0.v20100608-0100-e3x,"org.eclipse.mylyn.ide.ui",1287577600368
stopped,bundle,org.eclipse.mylyn.resources.ui,3.4.1.v20100909-0100-e3x,"org.eclipse.mylyn.resources.ui",1287577600368
stopped,bundle,org.eclipse.mylyn.wikitext.tasks.ui,1.3.1.v20100823-0100-e3x,"org.eclipse.mylyn.wikitext.tasks.ui",1287577600368
stopped,bundle,org.eclipse.mylyn.context.ui,3.4.1.v20100909-0100-e3x,"org.eclipse.mylyn.context.ui",1287577600368
stopped,bundle,org.eclipse.mylyn.help.ui,3.4.1.v20100823-0100-e3x,"org.eclipse.mylyn.help.ui",1287577600368
stopped,bundle,org.eclipse.mylyn.tasks.bugs,3.4.1.v20100823-0100-e3x,"org.eclipse.mylyn.tasks.bugs",1287577600368
stopped,bundle,org.eclipse.mylyn.tasks.ui,3.4.2.v20100902-0100-e3x,"org.eclipse.mylyn.tasks.ui",1287577600368
stopped,bundle,org.eclipse.team.cvs.ui,3.3.301.R36x_v20100825-0800,"org.eclipse.team.cvs.ui",1287577600383
stopped,bundle,org.eclipse.team.ui,3.5.101.R36x_v20100825-0800,"org.eclipse.team.ui",1287577600383
stopped,bundle,org.eclipse.compare,3.5.100.I20100526-0800,"org.eclipse.compare",1287577600383
stopped,bundle,org.eclipse.ui.externaltools,3.2.0.v20100427,"org.eclipse.ui.externaltools",1287577600383
stopped,bundle,org.eclipse.debug.ui,3.6.1.v20100901_r361,"org.eclipse.debug.ui",1287577600383
stopped,bundle,org.eclipse.gmf.runtime.diagram.ui.providers.ide,1.2.0.v20090403-1720,"org.eclipse.gmf.runtime.diagram.ui.providers.ide",1287577600383
stopped,bundle,org.eclipse.gmf.runtime.common.ui.action.ide,1.4.0.v20100223-2359,"org.eclipse.gmf.runtime.common.ui.action.ide",1287577600383
stopped,bundle,org.eclipse.emf.ecoretools.diagram.ui.outline,0.9.0.v20100521-2009,"org.eclipse.emf.ecoretools.diagram.ui.outline",1287577600383
stopped,bundle,org.eclipse.gmf.runtime.diagram.ui.render,1.4.1.v20100909-1300,"org.eclipse.gmf.runtime.diagram.ui.render",1287577600383
stopped,bundle,org.eclipse.gmf.runtime.diagram.ui.printing.render,1.4.0.v20100423-2359,"org.eclipse.gmf.runtime.diagram.ui.printing.render",1287577600383
stopped,bundle,org.eclipse.gmf.runtime.diagram.ui.printing,1.4.0.v20100430-1518,"org.eclipse.gmf.runtime.diagram.ui.printing",1287577600383
stopped,bundle,org.eclipse.gmf.runtime.diagram.ui.providers,1.4.0.v20100430-1518,"org.eclipse.gmf.runtime.diagram.ui.providers",1287577600383
stopped,bundle,org.eclipse.gmf.runtime.diagram.ui.actions,1.4.0.v20100223-2359,"org.eclipse.gmf.runtime.diagram.ui.actions",1287577600383
stopped,bundle,org.eclipse.emf.ecoretools.filters,0.8.0.v20100521-2009,"org.eclipse.emf.ecoretools.filters",1287577600383
stopped,bundle,org.eclipse.gmf.runtime.diagram.ui.resources.editor.ide,1.2.0.v20100423-2359,"org.eclipse.gmf.runtime.diagram.ui.resources.editor.ide",1287577600383
stopped,bundle,org.eclipse.gmf.runtime.diagram.ui.resources.editor,1.4.1.v20100729-0030,"org.eclipse.gmf.runtime.diagram.ui.resources.editor",1287577600383
stopped,bundle,org.eclipse.gmf.runtime.diagram.ui.properties,1.4.0.v20100430-1518,"org.eclipse.gmf.runtime.diagram.ui.properties",1287577600383
stopped,bundle,org.eclipse.gmf.runtime.diagram.ui,1.4.1.v20100909-1300,"org.eclipse.gmf.runtime.diagram.ui",1287577600383
stopped,bundle,org.eclipse.gmf.runtime.emf.ui.properties,1.4.0.v20100304-2359,"org.eclipse.gmf.runtime.emf.ui.properties",1287577600383
stopped,bundle,org.eclipse.gmf.runtime.emf.ui,1.2.0.v20090403-1720,"org.eclipse.gmf.runtime.emf.ui",1287577600383
stopped,bundle,org.eclipse.gmf.runtime.common.ui.action,1.2.0.v20090403-1720,"org.eclipse.gmf.runtime.common.ui.action",1287577600383
stopped,bundle,org.eclipse.gmf.runtime.common.ui.services.action,1.4.0.v20100430-1518,"org.eclipse.gmf.runtime.common.ui.services.action",1287577600383
stopped,bundle,org.eclipse.gmf.runtime.common.ui.services,1.3.0.v20100423-2359,"org.eclipse.gmf.runtime.common.ui.services",1287577600383
stopped,bundle,org.eclipse.gmf.runtime.common.ui.services.properties,1.3.0.v20100115-2350,"org.eclipse.gmf.runtime.common.ui.services.properties",1287577600383
stopped,bundle,org.eclipse.gmf.runtime.draw2d.ui.render.awt,1.4.1.v20100720-0030,"org.eclipse.gmf.runtime.draw2d.ui.render.awt",1287577600383
stopped,bundle,org.eclipse.gmf.runtime.draw2d.ui.render,1.4.1.v20100813-0030,"org.eclipse.gmf.runtime.draw2d.ui.render",1287577600383
stopped,bundle,org.eclipse.gmf.runtime.gef.ui,1.4.0.v20100430-1518,"org.eclipse.gmf.runtime.gef.ui",1287577600383
stopped,bundle,org.eclipse.gmf.runtime.draw2d.ui,1.4.1.v20100909-1300,"org.eclipse.gmf.runtime.draw2d.ui",1287577600383
stopped,bundle,org.eclipse.gmf.runtime.common.ui,1.4.0.v20100518-2230,"org.eclipse.gmf.runtime.common.ui",1287577600383
stopped,bundle,org.eclipse.mylyn.wikitext.ui,1.3.0.v20100608-0100-e3x,"org.eclipse.mylyn.wikitext.ui",1287577600383
stopped,bundle,org.eclipse.emf.validation.ui.ide,1.3.0.v200901271722,"org.eclipse.emf.validation.ui.ide",1287577600383
stopped,bundle,org.eclipse.emf.validation.ui,1.3.0.v200901271722,"org.eclipse.emf.validation.ui",1287577600383
stopped,bundle,org.eclipse.ui.console,3.5.0.v20100526,"org.eclipse.ui.console",1287577600383
stopped,bundle,org.eclipse.mylyn.commons.ui,3.4.0.v20100608-0100-e3x,"org.eclipse.mylyn.commons.ui",1287577600383
stopped,bundle,org.eclipse.xsd.editor,2.6.0.v20100914-1218,"org.eclipse.xsd.editor",1287577600383
stopped,bundle,org.eclipse.ui.editors,3.6.1.r361_v20100825-0800,"org.eclipse.ui.editors",1287577600399
stopped,bundle,org.eclipse.ui.workbench.texteditor,3.6.1.r361_v20100714-0800,"org.eclipse.ui.workbench.texteditor",1287577600399
stopped,bundle,org.eclipse.compare.core,3.5.100.I20100526-0800,"org.eclipse.compare.core",1287577600399
stopped,bundle,org.eclipse.emf.databinding.edit,1.2.0.v20100914-1218,"org.eclipse.emf.databinding.edit",1287577600399
stopped,bundle,org.eclipse.emf.databinding,1.2.0.v20100914-1218,"org.eclipse.emf.databinding",1287577600399
stopped,bundle,org.eclipse.emf.eef.components.editor,0.8.1.v201009101041,"org.eclipse.emf.eef.components.editor",1287577600399
stopped,bundle,org.eclipse.emf.eef.eefgen.editor,0.8.1.v201009101041,"org.eclipse.emf.eef.eefgen.editor",1287577600399
stopped,bundle,org.eclipse.emf.eef.eefgen.edit,0.8.1.v201009101041,"org.eclipse.emf.eef.eefgen.edit",1287577600399
stopped,bundle,org.eclipse.emf.eef.components.edit,0.8.1.v201009101041,"org.eclipse.emf.eef.components.edit",1287577600399
stopped,bundle,org.eclipse.emf.eef.mapping.edit,0.8.1.v201009101041,"org.eclipse.emf.eef.mapping.edit",1287577600399
stopped,bundle,org.eclipse.emf.eef.views.editor,0.8.1.v201009101041,"org.eclipse.emf.eef.views.editor",1287577600399
stopped,bundle,org.eclipse.emf.eef.views.edit,0.8.1.v201009101041,"org.eclipse.emf.eef.views.edit",1287577600399
stopped,bundle,org.eclipse.emf.eef.runtime,0.8.1.v201009101041,"org.eclipse.emf.eef.runtime",1287577600399
stopped,bundle,org.eclipse.emf.cheatsheets,2.5.0.v20100521-1846,"org.eclipse.emf.cheatsheets",1287577600399
stopped,bundle,org.eclipse.acceleo.profiler.editor,3.0.1.v201009150438,"org.eclipse.acceleo.profiler.editor",1287577600399
stopped,bundle,org.eclipse.acceleo.profiler.edit,3.0.1.v201009150438,"org.eclipse.acceleo.profiler.edit",1287577600399
stopped,bundle,org.eclipse.amalgam.discovery.modeling,1.1.0.v201006150414,"org.eclipse.amalgam.discovery.modeling",1287577600399
stopped,bundle,org.eclipse.amalgam.discovery.ui,1.1.0.v201006150414,"org.eclipse.amalgam.discovery.ui",1287577600399
stopped,bundle,org.eclipse.emf.cdo.ui,3.0.0.v20100618-1453,"org.eclipse.emf.cdo.ui",1287577600399
stopped,bundle,org.eclipse.uml2.uml.ecore.exporter,2.4.0.v201005031530,"org.eclipse.uml2.uml.ecore.exporter",1287577600399
stopped,bundle,org.eclipse.xsd.ecore.exporter,2.5.0.v20100521-1855,"org.eclipse.xsd.ecore.exporter",1287577600399
stopped,bundle,org.eclipse.emf.exporter,2.6.0.v20100521-1846,"org.eclipse.emf.exporter",1287577600399
stopped,bundle,org.eclipse.emf.importer.ecore,2.6.0.v20100521-1846,"org.eclipse.emf.importer.ecore",1287577600399
stopped,bundle,org.eclipse.emf.importer.java,2.6.0.v20100521-1846,"org.eclipse.emf.importer.java",1287577600399
stopped,bundle,org.eclipse.emf.importer.rose,2.6.0.v20100521-1846,"org.eclipse.emf.importer.rose",1287577600399
stopped,bundle,org.eclipse.uml2.uml.ecore.importer,2.4.0.v201005031530,"org.eclipse.uml2.uml.ecore.importer",1287577600399
stopped,bundle,org.eclipse.xsd.ecore.importer,2.6.0.v20100521-1855,"org.eclipse.xsd.ecore.importer",1287577600399
stopped,bundle,org.eclipse.emf.importer,2.6.0.v20100521-1846,"org.eclipse.emf.importer",1287577600399
stopped,bundle,org.eclipse.emf.converter,2.5.0.v20100914-1218,"org.eclipse.emf.converter",1287577600399
stopped,bundle,org.eclipse.uml2.codegen.ecore.ui,1.6.0.v201005031530,"org.eclipse.uml2.codegen.ecore.ui",1287577600399
stopped,bundle,org.eclipse.emf.codegen.ecore.ui,2.6.0.v20100914-1218,"org.eclipse.emf.codegen.ecore.ui",1287577600399
stopped,bundle,org.eclipse.emf.mapping.ecore2ecore.editor,2.4.0.v20100521-1847,"org.eclipse.emf.mapping.ecore2ecore.editor",1287577600399
stopped,bundle,org.eclipse.uml2.examples.uml.ui,3.0.1.v201008191505,"org.eclipse.uml2.examples.uml.ui",1287577600399
stopped,bundle,org.eclipse.emf.ecore.editor,2.6.0.v20100914-1218,"org.eclipse.emf.ecore.editor",1287577600399
stopped,bundle,org.eclipse.emf.ecoretools.properties,0.8.0.v20100521-2009,"org.eclipse.emf.ecoretools.properties",1287577600399
stopped,bundle,org.eclipse.emf.ecoretools.tabbedproperties,0.8.0.v20100521-2009,"org.eclipse.emf.ecoretools.tabbedproperties",1287577600399
stopped,bundle,org.eclipse.emf.mapping.ecore2xml.ui,2.5.0.v20100521-1847,"org.eclipse.emf.mapping.ecore2xml.ui",1287577600399
stopped,bundle,org.eclipse.emf.mapping.xsd2ecore.editor,2.6.0.v20100521-1855,"org.eclipse.emf.mapping.xsd2ecore.editor",1287577600399
stopped,bundle,org.eclipse.emf.mapping.ui,2.6.0.v20100914-1218,"org.eclipse.emf.mapping.ui",1287577600399
stopped,bundle,org.eclipse.emf.transaction.ui,1.4.0.v20090819-1300,"org.eclipse.emf.transaction.ui",1287577600399
stopped,bundle,org.eclipse.emf.workspace.ui,1.3.0.v200901271819,"org.eclipse.emf.workspace.ui",1287577600399
stopped,bundle,org.eclipse.graphiti.examples.tutorial,0.7.0.v20100929-0844,"org.eclipse.graphiti.examples.tutorial",1287577600399
stopped,bundle,org.eclipse.graphiti.examples.common,0.7.0.v20101001-1402,"org.eclipse.graphiti.examples.common",1287577600414
stopped,bundle,org.eclipse.graphiti.examples.library,1.0.0.qualifier,"org.eclipse.graphiti.examples.library",1287577600414
stopped,bundle,org.eclipse.graphiti.pattern,0.7.0.v20100825-1236,"org.eclipse.graphiti.pattern",1287577600414
stopped,bundle,org.eclipse.graphiti.ui,0.7.0.v20101005-1338,"org.eclipse.graphiti.ui",1287577600414
stopped,bundle,org.eclipse.uml2.uml.editor,3.1.0.v201005031530,"org.eclipse.uml2.uml.editor",1287577600414
stopped,bundle,org.eclipse.emf.edit.ui,2.6.0.v20100914-1218,"org.eclipse.emf.edit.ui",1287577600414
stopped,bundle,org.eclipse.gef,3.6.1.v20100712-1224,"org.eclipse.gef",1287577600414
stopped,bundle,org.eclipse.emf.codegen.ui,2.6.0.v20100914-1218,"org.eclipse.emf.codegen.ui",1287577600414
stopped,bundle,org.eclipse.emf.example.installer,1.2.0.v20100824-1259,"org.eclipse.emf.example.installer",1287577600414
stopped,bundle,org.eclipse.xsd.example.installer,1.1.0.v20100824-1607,"org.eclipse.xsd.example.installer",1287577600414
stopped,bundle,org.eclipse.emf.common.ui,2.6.0.v20100914-1218,"org.eclipse.emf.common.ui",1287577600414
stopped,bundle,org.eclipse.emf.eef.doc,0.8.1.v201009101041,"org.eclipse.emf.eef.doc",1287577600414
activated,perspective,org.eclipse.graphiti.examples.common,,"org.eclipse.graphiti.examples.common.perspective.GFPerspective",1287579560078
started,bundle,org.eclipse.osgi,3.6.1.R36x_v20100806,"org.eclipse.osgi",1287579560078
started,bundle,org.eclipse.equinox.simpleconfigurator,1.0.200.v20100503,"org.eclipse.equinox.simpleconfigurator",1287579560078
started,bundle,com.ibm.icu,4.2.1.v20100412,"com.ibm.icu",1287579560078
started,bundle,org.eclipse.core.contenttype,3.4.100.v20100505-1235,"org.eclipse.core.contenttype",1287579560078
started,bundle,org.eclipse.core.databinding.observable,1.3.0.I20100601-0800,"org.eclipse.core.databinding.observable",1287579560078
started,bundle,org.eclipse.core.expressions,3.4.200.v20100505,"org.eclipse.core.expressions",1287579560093
started,bundle,org.eclipse.core.filebuffers,3.5.100.v20100520-0800,"org.eclipse.core.filebuffers",1287579560093
started,bundle,org.eclipse.core.filesystem,1.3.1.R36x_v20100727-0745,"org.eclipse.core.filesystem",1287579560093
started,bundle,org.eclipse.core.jobs,3.5.1.R36x_v20100824,"org.eclipse.core.jobs",1287579560093
started,bundle,org.eclipse.core.net,1.2.100.I20100511-0800,"org.eclipse.core.net",1287579560093
started,bundle,org.eclipse.core.resources,3.6.0.R36x_v20100825-0600,"org.eclipse.core.resources",1287579560093
started,bundle,org.eclipse.core.runtime,3.6.0.v20100505,"org.eclipse.core.runtime",1287579560093
started,bundle,org.eclipse.core.runtime.compatibility,3.2.100.v20100505,"org.eclipse.core.runtime.compatibility",1287579560093
started,bundle,org.eclipse.core.runtime.compatibility.auth,3.2.200.v20100517,"org.eclipse.core.runtime.compatibility.auth",1287579560093
started,bundle,org.eclipse.epp.usagedata.gathering,1.3.0.R201005261100,"org.eclipse.epp.usagedata.gathering",1287579560093
started,bundle,org.eclipse.epp.usagedata.recording,1.3.0.R201005261100,"org.eclipse.epp.usagedata.recording",1287579560093
started,bundle,org.eclipse.equinox.app,1.3.1.R36x_v20100803,"org.eclipse.equinox.app",1287579560093
started,bundle,org.eclipse.equinox.common,3.6.0.v20100503,"org.eclipse.equinox.common",1287579560093
started,bundle,org.eclipse.equinox.ds,1.2.1.R36x_v20100803,"org.eclipse.equinox.ds",1287579560093
started,bundle,org.eclipse.equinox.p2.core,2.0.2.R36x_v20100804,"org.eclipse.equinox.p2.core",1287579560109
started,bundle,org.eclipse.equinox.p2.engine,2.0.0.v20100606,"org.eclipse.equinox.p2.engine",1287579560109
started,bundle,org.eclipse.equinox.p2.metadata,2.0.0.v20100601,"org.eclipse.equinox.p2.metadata",1287579560109
started,bundle,org.eclipse.equinox.p2.metadata.repository,1.1.0.v20100513,"org.eclipse.equinox.p2.metadata.repository",1287579560109
started,bundle,org.eclipse.equinox.p2.operations,2.0.0.v20100510,"org.eclipse.equinox.p2.operations",1287579560109
started,bundle,org.eclipse.equinox.p2.repository,2.0.1.R36x_v20100823,"org.eclipse.equinox.p2.repository",1287579560109
started,bundle,org.eclipse.equinox.p2.ui.sdk.scheduler,1.0.0.v20100507-1815,"org.eclipse.equinox.p2.ui.sdk.scheduler",1287579560109
started,bundle,org.eclipse.equinox.p2.updatechecker,1.1.101.R36x_v20100823,"org.eclipse.equinox.p2.updatechecker",1287579560109
started,bundle,org.eclipse.equinox.preferences,3.3.0.v20100503,"org.eclipse.equinox.preferences",1287579560109
started,bundle,org.eclipse.equinox.registry,3.5.0.v20100503,"org.eclipse.equinox.registry",1287579560125
started,bundle,org.eclipse.equinox.security,1.0.200.v20100503,"org.eclipse.equinox.security",1287579560125
started,bundle,org.eclipse.equinox.util,1.0.200.v20100503,"org.eclipse.equinox.util",1287579560125
started,bundle,org.eclipse.help,3.5.0.v20100524,"org.eclipse.help",1287579560140
started,bundle,org.eclipse.jdt.core,3.6.1.v_A68_R36x,"org.eclipse.jdt.core",1287579560140
started,bundle,org.eclipse.jdt.core.manipulation,1.3.0.v20100520-0800,"org.eclipse.jdt.core.manipulation",1287579560140
started,bundle,org.eclipse.jdt.ui,3.6.1.r361_v20100825-0800,"org.eclipse.jdt.ui",1287579560140
started,bundle,org.eclipse.jface,3.6.1.M20100825-0800,"org.eclipse.jface",1287579560140
started,bundle,org.eclipse.jsch.core,1.1.200.I20100505-1245,"org.eclipse.jsch.core",1287579560140
started,bundle,org.eclipse.mylyn.bugzilla.core,3.4.2.v20100902-0100-e3x,"org.eclipse.mylyn.bugzilla.core",1287579560140
started,bundle,org.eclipse.mylyn.bugzilla.ui,3.4.2.v20100909-0100-e3x,"org.eclipse.mylyn.bugzilla.ui",1287579560140
started,bundle,org.eclipse.mylyn.commons.net,3.4.1.v20100625-2100-e3x,"org.eclipse.mylyn.commons.net",1287579560140
started,bundle,org.eclipse.mylyn.commons.ui,3.4.0.v20100608-0100-e3x,"org.eclipse.mylyn.commons.ui",1287579560140
started,bundle,org.eclipse.mylyn.context.core,3.4.1.v20100909-0100-e3x,"org.eclipse.mylyn.context.core",1287579560140
started,bundle,org.eclipse.mylyn.context.ui,3.4.1.v20100909-0100-e3x,"org.eclipse.mylyn.context.ui",1287579560140
started,bundle,org.eclipse.mylyn.monitor.ui,3.4.0.v20100608-0100-e3x,"org.eclipse.mylyn.monitor.ui",1287579560156
started,bundle,org.eclipse.mylyn.tasks.ui,3.4.2.v20100902-0100-e3x,"org.eclipse.mylyn.tasks.ui",1287579560156
started,bundle,org.eclipse.mylyn.team.ui,3.4.2.v20100909-0100-e3x,"org.eclipse.mylyn.team.ui",1287579560156
started,bundle,org.eclipse.team.core,3.5.100.R36x_v20100825-0800,"org.eclipse.team.core",1287579560156
started,bundle,org.eclipse.team.cvs.core,3.3.300.I20100526-0800,"org.eclipse.team.cvs.core",1287579560156
started,bundle,org.eclipse.team.cvs.ui,3.3.301.R36x_v20100825-0800,"org.eclipse.team.cvs.ui",1287579560156
